snapshot,timestamp,src,dst
0,2026-03-19T07:56:59.776988+00:00,3,4
0,2026-03-19T07:56:59.776988+00:00,3,5
0,2026-03-19T07:56:59.776988+00:00,3,6
0,2026-03-19T07:56:59.776988+00:00,3,7
0,2026-03-19T07:56:59.776988+00:00,3,8
0,2026-03-19T07:56:59.776988+00:00,3,9
0,2026-03-19T07:56:59.776988+00:00,3,37
0,2026-03-19T07:56:59.776988+00:00,3,38
0,2026-03-19T07:56:59.776988+00:00,3,39
0,2026-03-19T07:56:59.776988+00:00,3,40
0,2026-03-19T07:56:59.776988+00:00,3,41
0,2026-03-19T07:56:59.776988+00:00,3,42
0,2026-03-19T07:56:59.776988+00:00,3,43
0,2026-03-19T07:56:59.776988+00:00,3,44
0,2026-03-19T07:56:59.776988+00:00,3,45
0,2026-03-19T07:56:59.776988+00:00,3,73
0,2026-03-19T07:56:59.776988+00:00,3,74
0,2026-03-19T07:56:59.776988+00:00,3,75
0,2026-03-19T07:56:59.776988+00:00,3,76
0,2026-03-19T07:56:59.776988+00:00,3,77
0,2026-03-19T07:56:59.776988+00:00,3,78
0,2026-03-19T07:56:59.776988+00:00,3,79
0,2026-03-19T07:56:59.776988+00:00,3,80
0,2026-03-19T07:56:59.776988+00:00,3,81
0,2026-03-19T07:56:59.776988+00:00,4,5
0,2026-03-19T07:56:59.776988+00:00,4,6
0,2026-03-19T07:56:59.776988+00:00,4,7
0,2026-03-19T07:56:59.776988+00:00,4,8
0,2026-03-19T07:56:59.776988+00:00,4,9
0,2026-03-19T07:56:59.776988+00:00,4,37
0,2026-03-19T07:56:59.776988+00:00,4,38
0,2026-03-19T07:56:59.776988+00:00,4,39
0,2026-03-19T07:56:59.776988+00:00,4,40
0,2026-03-19T07:56:59.776988+00:00,4,41
0,2026-03-19T07:56:59.776988+00:00,4,42
0,2026-03-19T07:56:59.776988+00:00,4,43
0,2026-03-19T07:56:59.776988+00:00,4,44
0,2026-03-19T07:56:59.776988+00:00,4,45
0,2026-03-19T07:56:59.776988+00:00,4,73
0,2026-03-19T07:56:59.776988+00:00,4,74
0,2026-03-19T07:56:59.776988+00:00,4,75
0,2026-03-19T07:56:59.776988+00:00,4,76
0,2026-03-19T07:56:59.776988+00:00,4,77
0,2026-03-19T07:56:59.776988+00:00,4,78
0,2026-03-19T07:56:59.776988+00:00,4,79
0,2026-03-19T07:56:59.776988+00:00,4,80
0,2026-03-19T07:56:59.776988+00:00,4,81
0,2026-03-19T07:56:59.776988+00:00,5,6
0,2026-03-19T07:56:59.776988+00:00,5,7
0,2026-03-19T07:56:59.776988+00:00,5,8
0,2026-03-19T07:56:59.776988+00:00,5,9
0,2026-03-19T07:56:59.776988+00:00,5,37
0,2026-03-19T07:56:59.776988+00:00,5,38
0,2026-03-19T07:56:59.776988+00:00,5,39
0,2026-03-19T07:56:59.776988+00:00,5,40
0,2026-03-19T07:56:59.776988+00:00,5,41
0,2026-03-19T07:56:59.776988+00:00,5,42
0,2026-03-19T07:56:59.776988+00:00,5,43
0,2026-03-19T07:56:59.776988+00:00,5,44
0,2026-03-19T07:56:59.776988+00:00,5,45
0,2026-03-19T07:56:59.776988+00:00,5,73
0,2026-03-19T07:56:59.776988+00:00,5,74
0,2026-03-19T07:56:59.776988+00:00,5,75
0,2026-03-19T07:56:59.776988+00:00,5,76
0,2026-03-19T07:56:59.776988+00:00,5,77
0,2026-03-19T07:56:59.776988+00:00,5,78
0,2026-03-19T07:56:59.776988+00:00,5,79
0,2026-03-19T07:56:59.776988+00:00,5,80
0,2026-03-19T07:56:59.776988+00:00,5,81
0,2026-03-19T07:56:59.776988+00:00,6,7
0,2026-03-19T07:56:59.776988+00:00,6,8
0,2026-03-19T07:56:59.776988+00:00,6,9
0,2026-03-19T07:56:59.776988+00:00,6,37
0,2026-03-19T07:56:59.776988+00:00,6,38
0,2026-03-19T07:56:59.776988+00:00,6,39
0,2026-03-19T07:56:59.776988+00:00,6,40
0,2026-03-19T07:56:59.776988+00:00,6,41
0,2026-03-19T07:56:59.776988+00:00,6,42
0,2026-03-19T07:56:59.776988+00:00,6,43
0,2026-03-19T07:56:59.776988+00:00,6,44
0,2026-03-19T07:56:59.776988+00:00,6,45
0,2026-03-19T07:56:59.776988+00:00,6,73
0,2026-03-19T07:56:59.776988+00:00,6,74
0,2026-03-19T07:56:59.776988+00:00,6,75
0,2026-03-19T07:56:59.776988+00:00,6,76
0,2026-03-19T07:56:59.776988+00:00,6,77
0,2026-03-19T07:56:59.776988+00:00,6,78
0,2026-03-19T07:56:59.776988+00:00,6,79
0,2026-03-19T07:56:59.776988+00:00,6,80
0,2026-03-19T07:56:59.776988+00:00,6,81
0,2026-03-19T07:56:59.776988+00:00,7,8
0,2026-03-19T07:56:59.776988+00:00,7,9
0,2026-03-19T07:56:59.776988+00:00,7,37
0,2026-03-19T07:56:59.776988+00:00,7,38
0,2026-03-19T07:56:59.776988+00:00,7,39
0,2026-03-19T07:56:59.776988+00:00,7,40
0,2026-03-19T07:56:59.776988+00:00,7,41
0,2026-03-19T07:56:59.776988+00:00,7,42
0,2026-03-19T07:56:59.776988+00:00,7,43
0,2026-03-19T07:56:59.776988+00:00,7,44
0,2026-03-19T07:56:59.776988+00:00,7,45
0,2026-03-19T07:56:59.776988+00:00,7,73
0,2026-03-19T07:56:59.776988+00:00,7,74
0,2026-03-19T07:56:59.776988+00:00,7,75
0,2026-03-19T07:56:59.776988+00:00,7,76
0,2026-03-19T07:56:59.776988+00:00,7,77
0,2026-03-19T07:56:59.776988+00:00,7,78
0,2026-03-19T07:56:59.776988+00:00,7,79
0,2026-03-19T07:56:59.776988+00:00,7,80
0,2026-03-19T07:56:59.776988+00:00,7,81
0,2026-03-19T07:56:59.776988+00:00,8,9
0,2026-03-19T07:56:59.776988+00:00,8,37
0,2026-03-19T07:56:59.776988+00:00,8,38
0,2026-03-19T07:56:59.776988+00:00,8,39
0,2026-03-19T07:56:59.776988+00:00,8,40
0,2026-03-19T07:56:59.776988+00:00,8,41
0,2026-03-19T07:56:59.776988+00:00,8,42
0,2026-03-19T07:56:59.776988+00:00,8,43
0,2026-03-19T07:56:59.776988+00:00,8,44
0,2026-03-19T07:56:59.776988+00:00,8,45
0,2026-03-19T07:56:59.776988+00:00,8,73
0,2026-03-19T07:56:59.776988+00:00,8,74
0,2026-03-19T07:56:59.776988+00:00,8,75
0,2026-03-19T07:56:59.776988+00:00,8,76
0,2026-03-19T07:56:59.776988+00:00,8,77
0,2026-03-19T07:56:59.776988+00:00,8,78
0,2026-03-19T07:56:59.776988+00:00,8,79
0,2026-03-19T07:56:59.776988+00:00,8,80
0,2026-03-19T07:56:59.776988+00:00,8,81
0,2026-03-19T07:56:59.776988+00:00,9,37
0,2026-03-19T07:56:59.776988+00:00,9,38
0,2026-03-19T07:56:59.776988+00:00,9,39
0,2026-03-19T07:56:59.776988+00:00,9,40
0,2026-03-19T07:56:59.776988+00:00,9,41
0,2026-03-19T07:56:59.776988+00:00,9,42
0,2026-03-19T07:56:59.776988+00:00,9,43
0,2026-03-19T07:56:59.776988+00:00,9,44
0,2026-03-19T07:56:59.776988+00:00,9,45
0,2026-03-19T07:56:59.776988+00:00,9,73
0,2026-03-19T07:56:59.776988+00:00,9,74
0,2026-03-19T07:56:59.776988+00:00,9,75
0,2026-03-19T07:56:59.776988+00:00,9,76
0,2026-03-19T07:56:59.776988+00:00,9,77
0,2026-03-19T07:56:59.776988+00:00,9,78
0,2026-03-19T07:56:59.776988+00:00,9,79
0,2026-03-19T07:56:59.776988+00:00,9,80
0,2026-03-19T07:56:59.776988+00:00,9,81
0,2026-03-19T07:56:59.776988+00:00,10,11
0,2026-03-19T07:56:59.776988+00:00,10,12
0,2026-03-19T07:56:59.776988+00:00,10,14
0,2026-03-19T07:56:59.776988+00:00,10,15
0,2026-03-19T07:56:59.776988+00:00,10,16
0,2026-03-19T07:56:59.776988+00:00,10,17
0,2026-03-19T07:56:59.776988+00:00,10,18
0,2026-03-19T07:56:59.776988+00:00,10,46
0,2026-03-19T07:56:59.776988+00:00,10,47
0,2026-03-19T07:56:59.776988+00:00,10,48
0,2026-03-19T07:56:59.776988+00:00,10,49
0,2026-03-19T07:56:59.776988+00:00,10,50
0,2026-03-19T07:56:59.776988+00:00,10,51
0,2026-03-19T07:56:59.776988+00:00,10,52
0,2026-03-19T07:56:59.776988+00:00,10,53
0,2026-03-19T07:56:59.776988+00:00,10,54
0,2026-03-19T07:56:59.776988+00:00,10,82
0,2026-03-19T07:56:59.776988+00:00,10,83
0,2026-03-19T07:56:59.776988+00:00,10,84
0,2026-03-19T07:56:59.776988+00:00,10,85
0,2026-03-19T07:56:59.776988+00:00,10,86
0,2026-03-19T07:56:59.776988+00:00,10,87
0,2026-03-19T07:56:59.776988+00:00,10,88
0,2026-03-19T07:56:59.776988+00:00,10,89
0,2026-03-19T07:56:59.776988+00:00,10,90
0,2026-03-19T07:56:59.776988+00:00,11,12
0,2026-03-19T07:56:59.776988+00:00,11,14
0,2026-03-19T07:56:59.776988+00:00,11,15
0,2026-03-19T07:56:59.776988+00:00,11,16
0,2026-03-19T07:56:59.776988+00:00,11,17
0,2026-03-19T07:56:59.776988+00:00,11,18
0,2026-03-19T07:56:59.776988+00:00,11,46
0,2026-03-19T07:56:59.776988+00:00,11,47
0,2026-03-19T07:56:59.776988+00:00,11,48
0,2026-03-19T07:56:59.776988+00:00,11,49
0,2026-03-19T07:56:59.776988+00:00,11,50
0,2026-03-19T07:56:59.776988+00:00,11,51
0,2026-03-19T07:56:59.776988+00:00,11,52
0,2026-03-19T07:56:59.776988+00:00,11,53
0,2026-03-19T07:56:59.776988+00:00,11,54
0,2026-03-19T07:56:59.776988+00:00,11,82
0,2026-03-19T07:56:59.776988+00:00,11,83
0,2026-03-19T07:56:59.776988+00:00,11,84
0,2026-03-19T07:56:59.776988+00:00,11,85
0,2026-03-19T07:56:59.776988+00:00,11,86
0,2026-03-19T07:56:59.776988+00:00,11,87
0,2026-03-19T07:56:59.776988+00:00,11,88
0,2026-03-19T07:56:59.776988+00:00,11,89
0,2026-03-19T07:56:59.776988+00:00,11,90
0,2026-03-19T07:56:59.776988+00:00,12,14
0,2026-03-19T07:56:59.776988+00:00,12,15
0,2026-03-19T07:56:59.776988+00:00,12,16
0,2026-03-19T07:56:59.776988+00:00,12,17
0,2026-03-19T07:56:59.776988+00:00,12,18
0,2026-03-19T07:56:59.776988+00:00,12,46
0,2026-03-19T07:56:59.776988+00:00,12,47
0,2026-03-19T07:56:59.776988+00:00,12,48
0,2026-03-19T07:56:59.776988+00:00,12,49
0,2026-03-19T07:56:59.776988+00:00,12,50
0,2026-03-19T07:56:59.776988+00:00,12,51
0,2026-03-19T07:56:59.776988+00:00,12,52
0,2026-03-19T07:56:59.776988+00:00,12,53
0,2026-03-19T07:56:59.776988+00:00,12,54
0,2026-03-19T07:56:59.776988+00:00,12,82
0,2026-03-19T07:56:59.776988+00:00,12,83
0,2026-03-19T07:56:59.776988+00:00,12,84
0,2026-03-19T07:56:59.776988+00:00,12,85
0,2026-03-19T07:56:59.776988+00:00,12,86
0,2026-03-19T07:56:59.776988+00:00,12,87
0,2026-03-19T07:56:59.776988+00:00,12,88
0,2026-03-19T07:56:59.776988+00:00,12,89
0,2026-03-19T07:56:59.776988+00:00,12,90
0,2026-03-19T07:56:59.776988+00:00,14,15
0,2026-03-19T07:56:59.776988+00:00,14,16
0,2026-03-19T07:56:59.776988+00:00,14,17
0,2026-03-19T07:56:59.776988+00:00,14,18
0,2026-03-19T07:56:59.776988+00:00,14,46
0,2026-03-19T07:56:59.776988+00:00,14,47
0,2026-03-19T07:56:59.776988+00:00,14,48
0,2026-03-19T07:56:59.776988+00:00,14,49
0,2026-03-19T07:56:59.776988+00:00,14,50
0,2026-03-19T07:56:59.776988+00:00,14,51
0,2026-03-19T07:56:59.776988+00:00,14,52
0,2026-03-19T07:56:59.776988+00:00,14,53
0,2026-03-19T07:56:59.776988+00:00,14,54
0,2026-03-19T07:56:59.776988+00:00,14,82
0,2026-03-19T07:56:59.776988+00:00,14,83
0,2026-03-19T07:56:59.776988+00:00,14,84
0,2026-03-19T07:56:59.776988+00:00,14,85
0,2026-03-19T07:56:59.776988+00:00,14,86
0,2026-03-19T07:56:59.776988+00:00,14,87
0,2026-03-19T07:56:59.776988+00:00,14,88
0,2026-03-19T07:56:59.776988+00:00,14,89
0,2026-03-19T07:56:59.776988+00:00,14,90
0,2026-03-19T07:56:59.776988+00:00,15,16
0,2026-03-19T07:56:59.776988+00:00,15,17
0,2026-03-19T07:56:59.776988+00:00,15,18
0,2026-03-19T07:56:59.776988+00:00,15,46
0,2026-03-19T07:56:59.776988+00:00,15,47
0,2026-03-19T07:56:59.776988+00:00,15,48
0,2026-03-19T07:56:59.776988+00:00,15,49
0,2026-03-19T07:56:59.776988+00:00,15,50
0,2026-03-19T07:56:59.776988+00:00,15,51
0,2026-03-19T07:56:59.776988+00:00,15,52
0,2026-03-19T07:56:59.776988+00:00,15,53
0,2026-03-19T07:56:59.776988+00:00,15,54
0,2026-03-19T07:56:59.776988+00:00,15,82
0,2026-03-19T07:56:59.776988+00:00,15,83
0,2026-03-19T07:56:59.776988+00:00,15,84
0,2026-03-19T07:56:59.776988+00:00,15,85
0,2026-03-19T07:56:59.776988+00:00,15,86
0,2026-03-19T07:56:59.776988+00:00,15,87
0,2026-03-19T07:56:59.776988+00:00,15,88
0,2026-03-19T07:56:59.776988+00:00,15,89
0,2026-03-19T07:56:59.776988+00:00,15,90
0,2026-03-19T07:56:59.776988+00:00,16,17
0,2026-03-19T07:56:59.776988+00:00,16,18
0,2026-03-19T07:56:59.776988+00:00,16,46
0,2026-03-19T07:56:59.776988+00:00,16,47
0,2026-03-19T07:56:59.776988+00:00,16,48
0,2026-03-19T07:56:59.776988+00:00,16,49
0,2026-03-19T07:56:59.776988+00:00,16,50
0,2026-03-19T07:56:59.776988+00:00,16,51
0,2026-03-19T07:56:59.776988+00:00,16,52
0,2026-03-19T07:56:59.776988+00:00,16,53
0,2026-03-19T07:56:59.776988+00:00,16,54
0,2026-03-19T07:56:59.776988+00:00,16,82
0,2026-03-19T07:56:59.776988+00:00,16,83
0,2026-03-19T07:56:59.776988+00:00,16,84
0,2026-03-19T07:56:59.776988+00:00,16,85
0,2026-03-19T07:56:59.776988+00:00,16,86
0,2026-03-19T07:56:59.776988+00:00,16,87
0,2026-03-19T07:56:59.776988+00:00,16,88
0,2026-03-19T07:56:59.776988+00:00,16,89
0,2026-03-19T07:56:59.776988+00:00,16,90
0,2026-03-19T07:56:59.776988+00:00,17,18
0,2026-03-19T07:56:59.776988+00:00,17,46
0,2026-03-19T07:56:59.776988+00:00,17,47
0,2026-03-19T07:56:59.776988+00:00,17,48
0,2026-03-19T07:56:59.776988+00:00,17,49
0,2026-03-19T07:56:59.776988+00:00,17,50
0,2026-03-19T07:56:59.776988+00:00,17,51
0,2026-03-19T07:56:59.776988+00:00,17,52
0,2026-03-19T07:56:59.776988+00:00,17,53
0,2026-03-19T07:56:59.776988+00:00,17,54
0,2026-03-19T07:56:59.776988+00:00,17,82
0,2026-03-19T07:56:59.776988+00:00,17,83
0,2026-03-19T07:56:59.776988+00:00,17,84
0,2026-03-19T07:56:59.776988+00:00,17,85
0,2026-03-19T07:56:59.776988+00:00,17,86
0,2026-03-19T07:56:59.776988+00:00,17,87
0,2026-03-19T07:56:59.776988+00:00,17,88
0,2026-03-19T07:56:59.776988+00:00,17,89
0,2026-03-19T07:56:59.776988+00:00,17,90
0,2026-03-19T07:56:59.776988+00:00,18,46
0,2026-03-19T07:56:59.776988+00:00,18,47
0,2026-03-19T07:56:59.776988+00:00,18,48
0,2026-03-19T07:56:59.776988+00:00,18,49
0,2026-03-19T07:56:59.776988+00:00,18,50
0,2026-03-19T07:56:59.776988+00:00,18,51
0,2026-03-19T07:56:59.776988+00:00,18,52
0,2026-03-19T07:56:59.776988+00:00,18,53
0,2026-03-19T07:56:59.776988+00:00,18,54
0,2026-03-19T07:56:59.776988+00:00,18,82
0,2026-03-19T07:56:59.776988+00:00,18,83
0,2026-03-19T07:56:59.776988+00:00,18,84
0,2026-03-19T07:56:59.776988+00:00,18,85
0,2026-03-19T07:56:59.776988+00:00,18,86
0,2026-03-19T07:56:59.776988+00:00,18,87
0,2026-03-19T07:56:59.776988+00:00,18,88
0,2026-03-19T07:56:59.776988+00:00,18,89
0,2026-03-19T07:56:59.776988+00:00,18,90
0,2026-03-19T07:56:59.776988+00:00,19,22
0,2026-03-19T07:56:59.776988+00:00,19,23
0,2026-03-19T07:56:59.776988+00:00,19,24
0,2026-03-19T07:56:59.776988+00:00,19,25
0,2026-03-19T07:56:59.776988+00:00,19,26
0,2026-03-19T07:56:59.776988+00:00,19,27
0,2026-03-19T07:56:59.776988+00:00,19,55
0,2026-03-19T07:56:59.776988+00:00,19,56
0,2026-03-19T07:56:59.776988+00:00,19,57
0,2026-03-19T07:56:59.776988+00:00,19,58
0,2026-03-19T07:56:59.776988+00:00,19,59
0,2026-03-19T07:56:59.776988+00:00,19,60
0,2026-03-19T07:56:59.776988+00:00,19,61
0,2026-03-19T07:56:59.776988+00:00,19,62
0,2026-03-19T07:56:59.776988+00:00,19,63
0,2026-03-19T07:56:59.776988+00:00,19,92
0,2026-03-19T07:56:59.776988+00:00,19,93
0,2026-03-19T07:56:59.776988+00:00,19,94
0,2026-03-19T07:56:59.776988+00:00,19,95
0,2026-03-19T07:56:59.776988+00:00,19,96
0,2026-03-19T07:56:59.776988+00:00,19,97
0,2026-03-19T07:56:59.776988+00:00,19,98
0,2026-03-19T07:56:59.776988+00:00,19,99
0,2026-03-19T07:56:59.776988+00:00,20,22
0,2026-03-19T07:56:59.776988+00:00,20,23
0,2026-03-19T07:56:59.776988+00:00,20,24
0,2026-03-19T07:56:59.776988+00:00,20,26
0,2026-03-19T07:56:59.776988+00:00,20,27
0,2026-03-19T07:56:59.776988+00:00,20,55
0,2026-03-19T07:56:59.776988+00:00,20,56
0,2026-03-19T07:56:59.776988+00:00,20,57
0,2026-03-19T07:56:59.776988+00:00,20,58
0,2026-03-19T07:56:59.776988+00:00,20,59
0,2026-03-19T07:56:59.776988+00:00,20,60
0,2026-03-19T07:56:59.776988+00:00,20,61
0,2026-03-19T07:56:59.776988+00:00,20,62
0,2026-03-19T07:56:59.776988+00:00,20,63
0,2026-03-19T07:56:59.776988+00:00,20,91
0,2026-03-19T07:56:59.776988+00:00,20,92
0,2026-03-19T07:56:59.776988+00:00,20,93
0,2026-03-19T07:56:59.776988+00:00,20,94
0,2026-03-19T07:56:59.776988+00:00,20,95
0,2026-03-19T07:56:59.776988+00:00,20,96
0,2026-03-19T07:56:59.776988+00:00,20,97
0,2026-03-19T07:56:59.776988+00:00,20,98
0,2026-03-19T07:56:59.776988+00:00,20,99
0,2026-03-19T07:56:59.776988+00:00,21,22
0,2026-03-19T07:56:59.776988+00:00,21,23
0,2026-03-19T07:56:59.776988+00:00,21,24
0,2026-03-19T07:56:59.776988+00:00,21,25
0,2026-03-19T07:56:59.776988+00:00,21,26
0,2026-03-19T07:56:59.776988+00:00,21,27
0,2026-03-19T07:56:59.776988+00:00,21,55
0,2026-03-19T07:56:59.776988+00:00,21,56
0,2026-03-19T07:56:59.776988+00:00,21,57
0,2026-03-19T07:56:59.776988+00:00,21,58
0,2026-03-19T07:56:59.776988+00:00,21,59
0,2026-03-19T07:56:59.776988+00:00,21,60
0,2026-03-19T07:56:59.776988+00:00,21,61
0,2026-03-19T07:56:59.776988+00:00,21,62
0,2026-03-19T07:56:59.776988+00:00,21,63
0,2026-03-19T07:56:59.776988+00:00,21,91
0,2026-03-19T07:56:59.776988+00:00,21,92
0,2026-03-19T07:56:59.776988+00:00,21,93
0,2026-03-19T07:56:59.776988+00:00,21,94
0,2026-03-19T07:56:59.776988+00:00,21,95
0,2026-03-19T07:56:59.776988+00:00,21,96
0,2026-03-19T07:56:59.776988+00:00,21,97
0,2026-03-19T07:56:59.776988+00:00,21,98
0,2026-03-19T07:56:59.776988+00:00,21,99
0,2026-03-19T07:56:59.776988+00:00,22,23
0,2026-03-19T07:56:59.776988+00:00,22,24
0,2026-03-19T07:56:59.776988+00:00,22,25
0,2026-03-19T07:56:59.776988+00:00,22,26
0,2026-03-19T07:56:59.776988+00:00,22,27
0,2026-03-19T07:56:59.776988+00:00,22,55
0,2026-03-19T07:56:59.776988+00:00,22,56
0,2026-03-19T07:56:59.776988+00:00,22,57
0,2026-03-19T07:56:59.776988+00:00,22,58
0,2026-03-19T07:56:59.776988+00:00,22,59
0,2026-03-19T07:56:59.776988+00:00,22,60
0,2026-03-19T07:56:59.776988+00:00,22,61
0,2026-03-19T07:56:59.776988+00:00,22,62
0,2026-03-19T07:56:59.776988+00:00,22,63
0,2026-03-19T07:56:59.776988+00:00,22,91
0,2026-03-19T07:56:59.776988+00:00,22,92
0,2026-03-19T07:56:59.776988+00:00,22,93
0,2026-03-19T07:56:59.776988+00:00,22,94
0,2026-03-19T07:56:59.776988+00:00,22,95
0,2026-03-19T07:56:59.776988+00:00,22,96
0,2026-03-19T07:56:59.776988+00:00,22,97
0,2026-03-19T07:56:59.776988+00:00,22,98
0,2026-03-19T07:56:59.776988+00:00,22,99
0,2026-03-19T07:56:59.776988+00:00,23,24
0,2026-03-19T07:56:59.776988+00:00,23,25
0,2026-03-19T07:56:59.776988+00:00,23,26
0,2026-03-19T07:56:59.776988+00:00,23,27
0,2026-03-19T07:56:59.776988+00:00,23,55
0,2026-03-19T07:56:59.776988+00:00,23,56
0,2026-03-19T07:56:59.776988+00:00,23,57
0,2026-03-19T07:56:59.776988+00:00,23,58
0,2026-03-19T07:56:59.776988+00:00,23,59
0,2026-03-19T07:56:59.776988+00:00,23,60
0,2026-03-19T07:56:59.776988+00:00,23,61
0,2026-03-19T07:56:59.776988+00:00,23,62
0,2026-03-19T07:56:59.776988+00:00,23,63
0,2026-03-19T07:56:59.776988+00:00,23,91
0,2026-03-19T07:56:59.776988+00:00,23,92
0,2026-03-19T07:56:59.776988+00:00,23,93
0,2026-03-19T07:56:59.776988+00:00,23,94
0,2026-03-19T07:56:59.776988+00:00,23,95
0,2026-03-19T07:56:59.776988+00:00,23,96
0,2026-03-19T07:56:59.776988+00:00,23,97
0,2026-03-19T07:56:59.776988+00:00,23,98
0,2026-03-19T07:56:59.776988+00:00,23,99
0,2026-03-19T07:56:59.776988+00:00,24,25
0,2026-03-19T07:56:59.776988+00:00,24,26
0,2026-03-19T07:56:59.776988+00:00,24,27
0,2026-03-19T07:56:59.776988+00:00,24,55
0,2026-03-19T07:56:59.776988+00:00,24,56
0,2026-03-19T07:56:59.776988+00:00,24,57
0,2026-03-19T07:56:59.776988+00:00,24,58
0,2026-03-19T07:56:59.776988+00:00,24,59
0,2026-03-19T07:56:59.776988+00:00,24,60
0,2026-03-19T07:56:59.776988+00:00,24,61
0,2026-03-19T07:56:59.776988+00:00,24,62
0,2026-03-19T07:56:59.776988+00:00,24,63
0,2026-03-19T07:56:59.776988+00:00,24,91
0,2026-03-19T07:56:59.776988+00:00,24,92
0,2026-03-19T07:56:59.776988+00:00,24,93
0,2026-03-19T07:56:59.776988+00:00,24,94
0,2026-03-19T07:56:59.776988+00:00,24,95
0,2026-03-19T07:56:59.776988+00:00,24,96
0,2026-03-19T07:56:59.776988+00:00,24,97
0,2026-03-19T07:56:59.776988+00:00,24,98
0,2026-03-19T07:56:59.776988+00:00,24,99
0,2026-03-19T07:56:59.776988+00:00,25,26
0,2026-03-19T07:56:59.776988+00:00,25,27
0,2026-03-19T07:56:59.776988+00:00,25,55
0,2026-03-19T07:56:59.776988+00:00,25,56
0,2026-03-19T07:56:59.776988+00:00,25,57
0,2026-03-19T07:56:59.776988+00:00,25,58
0,2026-03-19T07:56:59.776988+00:00,25,59
0,2026-03-19T07:56:59.776988+00:00,25,60
0,2026-03-19T07:56:59.776988+00:00,25,61
0,2026-03-19T07:56:59.776988+00:00,25,62
0,2026-03-19T07:56:59.776988+00:00,25,63
0,2026-03-19T07:56:59.776988+00:00,25,91
0,2026-03-19T07:56:59.776988+00:00,25,92
0,2026-03-19T07:56:59.776988+00:00,25,93
0,2026-03-19T07:56:59.776988+00:00,25,94
0,2026-03-19T07:56:59.776988+00:00,25,95
0,2026-03-19T07:56:59.776988+00:00,25,96
0,2026-03-19T07:56:59.776988+00:00,25,97
0,2026-03-19T07:56:59.776988+00:00,25,98
0,2026-03-19T07:56:59.776988+00:00,25,99
0,2026-03-19T07:56:59.776988+00:00,26,27
0,2026-03-19T07:56:59.776988+00:00,26,55
0,2026-03-19T07:56:59.776988+00:00,26,56
0,2026-03-19T07:56:59.776988+00:00,26,57
0,2026-03-19T07:56:59.776988+00:00,26,58
0,2026-03-19T07:56:59.776988+00:00,26,59
0,2026-03-19T07:56:59.776988+00:00,26,60
0,2026-03-19T07:56:59.776988+00:00,26,61
0,2026-03-19T07:56:59.776988+00:00,26,62
0,2026-03-19T07:56:59.776988+00:00,26,63
0,2026-03-19T07:56:59.776988+00:00,26,91
0,2026-03-19T07:56:59.776988+00:00,26,92
0,2026-03-19T07:56:59.776988+00:00,26,93
0,2026-03-19T07:56:59.776988+00:00,26,94
0,2026-03-19T07:56:59.776988+00:00,26,95
0,2026-03-19T07:56:59.776988+00:00,26,96
0,2026-03-19T07:56:59.776988+00:00,26,97
0,2026-03-19T07:56:59.776988+00:00,26,98
0,2026-03-19T07:56:59.776988+00:00,26,99
0,2026-03-19T07:56:59.776988+00:00,27,55
0,2026-03-19T07:56:59.776988+00:00,27,56
0,2026-03-19T07:56:59.776988+00:00,27,57
0,2026-03-19T07:56:59.776988+00:00,27,58
0,2026-03-19T07:56:59.776988+00:00,27,59
0,2026-03-19T07:56:59.776988+00:00,27,60
0,2026-03-19T07:56:59.776988+00:00,27,61
0,2026-03-19T07:56:59.776988+00:00,27,62
0,2026-03-19T07:56:59.776988+00:00,27,63
0,2026-03-19T07:56:59.776988+00:00,27,91
0,2026-03-19T07:56:59.776988+00:00,27,92
0,2026-03-19T07:56:59.776988+00:00,27,93
0,2026-03-19T07:56:59.776988+00:00,27,94
0,2026-03-19T07:56:59.776988+00:00,27,95
0,2026-03-19T07:56:59.776988+00:00,27,96
0,2026-03-19T07:56:59.776988+00:00,27,97
0,2026-03-19T07:56:59.776988+00:00,27,98
0,2026-03-19T07:56:59.776988+00:00,27,99
0,2026-03-19T07:56:59.776988+00:00,28,29
0,2026-03-19T07:56:59.776988+00:00,28,30
0,2026-03-19T07:56:59.776988+00:00,28,31
0,2026-03-19T07:56:59.776988+00:00,28,32
0,2026-03-19T07:56:59.776988+00:00,28,33
0,2026-03-19T07:56:59.776988+00:00,28,34
0,2026-03-19T07:56:59.776988+00:00,28,35
0,2026-03-19T07:56:59.776988+00:00,28,36
0,2026-03-19T07:56:59.776988+00:00,28,64
0,2026-03-19T07:56:59.776988+00:00,28,65
0,2026-03-19T07:56:59.776988+00:00,28,66
0,2026-03-19T07:56:59.776988+00:00,28,67
0,2026-03-19T07:56:59.776988+00:00,28,68
0,2026-03-19T07:56:59.776988+00:00,28,69
0,2026-03-19T07:56:59.776988+00:00,28,70
0,2026-03-19T07:56:59.776988+00:00,28,71
0,2026-03-19T07:56:59.776988+00:00,28,72
0,2026-03-19T07:56:59.776988+00:00,28,100
0,2026-03-19T07:56:59.776988+00:00,28,101
0,2026-03-19T07:56:59.776988+00:00,28,102
0,2026-03-19T07:56:59.776988+00:00,28,103
0,2026-03-19T07:56:59.776988+00:00,28,104
0,2026-03-19T07:56:59.776988+00:00,28,105
0,2026-03-19T07:56:59.776988+00:00,28,106
0,2026-03-19T07:56:59.776988+00:00,28,107
0,2026-03-19T07:56:59.776988+00:00,28,108
0,2026-03-19T07:56:59.776988+00:00,29,30
0,2026-03-19T07:56:59.776988+00:00,29,31
0,2026-03-19T07:56:59.776988+00:00,29,32
0,2026-03-19T07:56:59.776988+00:00,29,33
0,2026-03-19T07:56:59.776988+00:00,29,34
0,2026-03-19T07:56:59.776988+00:00,29,35
0,2026-03-19T07:56:59.776988+00:00,29,36
0,2026-03-19T07:56:59.776988+00:00,29,64
0,2026-03-19T07:56:59.776988+00:00,29,65
0,2026-03-19T07:56:59.776988+00:00,29,66
0,2026-03-19T07:56:59.776988+00:00,29,67
0,2026-03-19T07:56:59.776988+00:00,29,68
0,2026-03-19T07:56:59.776988+00:00,29,69
0,2026-03-19T07:56:59.776988+00:00,29,70
0,2026-03-19T07:56:59.776988+00:00,29,71
0,2026-03-19T07:56:59.776988+00:00,29,72
0,2026-03-19T07:56:59.776988+00:00,29,100
0,2026-03-19T07:56:59.776988+00:00,29,101
0,2026-03-19T07:56:59.776988+00:00,29,102
0,2026-03-19T07:56:59.776988+00:00,29,103
0,2026-03-19T07:56:59.776988+00:00,29,104
0,2026-03-19T07:56:59.776988+00:00,29,105
0,2026-03-19T07:56:59.776988+00:00,29,106
0,2026-03-19T07:56:59.776988+00:00,29,107
0,2026-03-19T07:56:59.776988+00:00,29,108
0,2026-03-19T07:56:59.776988+00:00,30,31
0,2026-03-19T07:56:59.776988+00:00,30,32
0,2026-03-19T07:56:59.776988+00:00,30,33
0,2026-03-19T07:56:59.776988+00:00,30,34
0,2026-03-19T07:56:59.776988+00:00,30,35
0,2026-03-19T07:56:59.776988+00:00,30,36
0,2026-03-19T07:56:59.776988+00:00,30,64
0,2026-03-19T07:56:59.776988+00:00,30,65
0,2026-03-19T07:56:59.776988+00:00,30,66
0,2026-03-19T07:56:59.776988+00:00,30,67
0,2026-03-19T07:56:59.776988+00:00,30,68
0,2026-03-19T07:56:59.776988+00:00,30,69
0,2026-03-19T07:56:59.776988+00:00,30,70
0,2026-03-19T07:56:59.776988+00:00,30,71
0,2026-03-19T07:56:59.776988+00:00,30,72
0,2026-03-19T07:56:59.776988+00:00,30,100
0,2026-03-19T07:56:59.776988+00:00,30,101
0,2026-03-19T07:56:59.776988+00:00,30,102
0,2026-03-19T07:56:59.776988+00:00,30,103
0,2026-03-19T07:56:59.776988+00:00,30,104
0,2026-03-19T07:56:59.776988+00:00,30,105
0,2026-03-19T07:56:59.776988+00:00,30,106
0,2026-03-19T07:56:59.776988+00:00,30,107
0,2026-03-19T07:56:59.776988+00:00,30,108
0,2026-03-19T07:56:59.776988+00:00,31,32
0,2026-03-19T07:56:59.776988+00:00,31,33
0,2026-03-19T07:56:59.776988+00:00,31,34
0,2026-03-19T07:56:59.776988+00:00,31,35
0,2026-03-19T07:56:59.776988+00:00,31,36
0,2026-03-19T07:56:59.776988+00:00,31,64
0,2026-03-19T07:56:59.776988+00:00,31,65
0,2026-03-19T07:56:59.776988+00:00,31,66
0,2026-03-19T07:56:59.776988+00:00,31,67
0,2026-03-19T07:56:59.776988+00:00,31,68
0,2026-03-19T07:56:59.776988+00:00,31,69
0,2026-03-19T07:56:59.776988+00:00,31,70
0,2026-03-19T07:56:59.776988+00:00,31,71
0,2026-03-19T07:56:59.776988+00:00,31,72
0,2026-03-19T07:56:59.776988+00:00,31,100
0,2026-03-19T07:56:59.776988+00:00,31,101
0,2026-03-19T07:56:59.776988+00:00,31,102
0,2026-03-19T07:56:59.776988+00:00,31,103
0,2026-03-19T07:56:59.776988+00:00,31,104
0,2026-03-19T07:56:59.776988+00:00,31,105
0,2026-03-19T07:56:59.776988+00:00,31,106
0,2026-03-19T07:56:59.776988+00:00,31,107
0,2026-03-19T07:56:59.776988+00:00,31,108
0,2026-03-19T07:56:59.776988+00:00,32,33
0,2026-03-19T07:56:59.776988+00:00,32,34
0,2026-03-19T07:56:59.776988+00:00,32,35
0,2026-03-19T07:56:59.776988+00:00,32,36
0,2026-03-19T07:56:59.776988+00:00,32,64
0,2026-03-19T07:56:59.776988+00:00,32,65
0,2026-03-19T07:56:59.776988+00:00,32,66
0,2026-03-19T07:56:59.776988+00:00,32,67
0,2026-03-19T07:56:59.776988+00:00,32,68
0,2026-03-19T07:56:59.776988+00:00,32,69
0,2026-03-19T07:56:59.776988+00:00,32,70
0,2026-03-19T07:56:59.776988+00:00,32,71
0,2026-03-19T07:56:59.776988+00:00,32,72
0,2026-03-19T07:56:59.776988+00:00,32,100
0,2026-03-19T07:56:59.776988+00:00,32,101
0,2026-03-19T07:56:59.776988+00:00,32,102
0,2026-03-19T07:56:59.776988+00:00,32,103
0,2026-03-19T07:56:59.776988+00:00,32,104
0,2026-03-19T07:56:59.776988+00:00,32,105
0,2026-03-19T07:56:59.776988+00:00,32,106
0,2026-03-19T07:56:59.776988+00:00,32,107
0,2026-03-19T07:56:59.776988+00:00,32,108
0,2026-03-19T07:56:59.776988+00:00,33,34
0,2026-03-19T07:56:59.776988+00:00,33,35
0,2026-03-19T07:56:59.776988+00:00,33,36
0,2026-03-19T07:56:59.776988+00:00,33,64
0,2026-03-19T07:56:59.776988+00:00,33,65
0,2026-03-19T07:56:59.776988+00:00,33,66
0,2026-03-19T07:56:59.776988+00:00,33,67
0,2026-03-19T07:56:59.776988+00:00,33,68
0,2026-03-19T07:56:59.776988+00:00,33,69
0,2026-03-19T07:56:59.776988+00:00,33,70
0,2026-03-19T07:56:59.776988+00:00,33,71
0,2026-03-19T07:56:59.776988+00:00,33,72
0,2026-03-19T07:56:59.776988+00:00,33,100
0,2026-03-19T07:56:59.776988+00:00,33,101
0,2026-03-19T07:56:59.776988+00:00,33,102
0,2026-03-19T07:56:59.776988+00:00,33,103
0,2026-03-19T07:56:59.776988+00:00,33,104
0,2026-03-19T07:56:59.776988+00:00,33,105
0,2026-03-19T07:56:59.776988+00:00,33,106
0,2026-03-19T07:56:59.776988+00:00,33,107
0,2026-03-19T07:56:59.776988+00:00,33,108
0,2026-03-19T07:56:59.776988+00:00,34,35
0,2026-03-19T07:56:59.776988+00:00,34,36
0,2026-03-19T07:56:59.776988+00:00,34,64
0,2026-03-19T07:56:59.776988+00:00,34,65
0,2026-03-19T07:56:59.776988+00:00,34,66
0,2026-03-19T07:56:59.776988+00:00,34,67
0,2026-03-19T07:56:59.776988+00:00,34,68
0,2026-03-19T07:56:59.776988+00:00,34,69
0,2026-03-19T07:56:59.776988+00:00,34,70
0,2026-03-19T07:56:59.776988+00:00,34,71
0,2026-03-19T07:56:59.776988+00:00,34,72
0,2026-03-19T07:56:59.776988+00:00,34,100
0,2026-03-19T07:56:59.776988+00:00,34,101
0,2026-03-19T07:56:59.776988+00:00,34,102
0,2026-03-19T07:56:59.776988+00:00,34,103
0,2026-03-19T07:56:59.776988+00:00,34,104
0,2026-03-19T07:56:59.776988+00:00,34,105
0,2026-03-19T07:56:59.776988+00:00,34,106
0,2026-03-19T07:56:59.776988+00:00,34,107
0,2026-03-19T07:56:59.776988+00:00,34,108
0,2026-03-19T07:56:59.776988+00:00,35,36
0,2026-03-19T07:56:59.776988+00:00,35,64
0,2026-03-19T07:56:59.776988+00:00,35,65
0,2026-03-19T07:56:59.776988+00:00,35,66
0,2026-03-19T07:56:59.776988+00:00,35,67
0,2026-03-19T07:56:59.776988+00:00,35,68
0,2026-03-19T07:56:59.776988+00:00,35,69
0,2026-03-19T07:56:59.776988+00:00,35,70
0,2026-03-19T07:56:59.776988+00:00,35,71
0,2026-03-19T07:56:59.776988+00:00,35,72
0,2026-03-19T07:56:59.776988+00:00,35,100
0,2026-03-19T07:56:59.776988+00:00,35,101
0,2026-03-19T07:56:59.776988+00:00,35,102
0,2026-03-19T07:56:59.776988+00:00,35,103
0,2026-03-19T07:56:59.776988+00:00,35,104
0,2026-03-19T07:56:59.776988+00:00,35,105
0,2026-03-19T07:56:59.776988+00:00,35,106
0,2026-03-19T07:56:59.776988+00:00,35,107
0,2026-03-19T07:56:59.776988+00:00,35,108
0,2026-03-19T07:56:59.776988+00:00,36,64
0,2026-03-19T07:56:59.776988+00:00,36,65
0,2026-03-19T07:56:59.776988+00:00,36,66
0,2026-03-19T07:56:59.776988+00:00,36,67
0,2026-03-19T07:56:59.776988+00:00,36,68
0,2026-03-19T07:56:59.776988+00:00,36,69
0,2026-03-19T07:56:59.776988+00:00,36,70
0,2026-03-19T07:56:59.776988+00:00,36,71
0,2026-03-19T07:56:59.776988+00:00,36,72
0,2026-03-19T07:56:59.776988+00:00,36,100
0,2026-03-19T07:56:59.776988+00:00,36,101
0,2026-03-19T07:56:59.776988+00:00,36,102
0,2026-03-19T07:56:59.776988+00:00,36,103
0,2026-03-19T07:56:59.776988+00:00,36,104
0,2026-03-19T07:56:59.776988+00:00,36,105
0,2026-03-19T07:56:59.776988+00:00,36,106
0,2026-03-19T07:56:59.776988+00:00,36,107
0,2026-03-19T07:56:59.776988+00:00,36,108
0,2026-03-19T07:56:59.776988+00:00,37,38
0,2026-03-19T07:56:59.776988+00:00,37,39
0,2026-03-19T07:56:59.776988+00:00,37,40
0,2026-03-19T07:56:59.776988+00:00,37,41
0,2026-03-19T07:56:59.776988+00:00,37,42
0,2026-03-19T07:56:59.776988+00:00,37,43
0,2026-03-19T07:56:59.776988+00:00,37,44
0,2026-03-19T07:56:59.776988+00:00,37,45
0,2026-03-19T07:56:59.776988+00:00,37,73
0,2026-03-19T07:56:59.776988+00:00,37,74
0,2026-03-19T07:56:59.776988+00:00,37,75
0,2026-03-19T07:56:59.776988+00:00,37,76
0,2026-03-19T07:56:59.776988+00:00,37,77
0,2026-03-19T07:56:59.776988+00:00,37,78
0,2026-03-19T07:56:59.776988+00:00,37,79
0,2026-03-19T07:56:59.776988+00:00,37,80
0,2026-03-19T07:56:59.776988+00:00,37,81
0,2026-03-19T07:56:59.776988+00:00,38,39
0,2026-03-19T07:56:59.776988+00:00,38,40
0,2026-03-19T07:56:59.776988+00:00,38,41
0,2026-03-19T07:56:59.776988+00:00,38,42
0,2026-03-19T07:56:59.776988+00:00,38,43
0,2026-03-19T07:56:59.776988+00:00,38,44
0,2026-03-19T07:56:59.776988+00:00,38,45
0,2026-03-19T07:56:59.776988+00:00,38,73
0,2026-03-19T07:56:59.776988+00:00,38,74
0,2026-03-19T07:56:59.776988+00:00,38,75
0,2026-03-19T07:56:59.776988+00:00,38,76
0,2026-03-19T07:56:59.776988+00:00,38,77
0,2026-03-19T07:56:59.776988+00:00,38,78
0,2026-03-19T07:56:59.776988+00:00,38,79
0,2026-03-19T07:56:59.776988+00:00,38,80
0,2026-03-19T07:56:59.776988+00:00,38,81
0,2026-03-19T07:56:59.776988+00:00,39,40
0,2026-03-19T07:56:59.776988+00:00,39,41
0,2026-03-19T07:56:59.776988+00:00,39,42
0,2026-03-19T07:56:59.776988+00:00,39,43
0,2026-03-19T07:56:59.776988+00:00,39,44
0,2026-03-19T07:56:59.776988+00:00,39,45
0,2026-03-19T07:56:59.776988+00:00,39,73
0,2026-03-19T07:56:59.776988+00:00,39,74
0,2026-03-19T07:56:59.776988+00:00,39,75
0,2026-03-19T07:56:59.776988+00:00,39,76
0,2026-03-19T07:56:59.776988+00:00,39,77
0,2026-03-19T07:56:59.776988+00:00,39,78
0,2026-03-19T07:56:59.776988+00:00,39,79
0,2026-03-19T07:56:59.776988+00:00,39,80
0,2026-03-19T07:56:59.776988+00:00,39,81
0,2026-03-19T07:56:59.776988+00:00,40,41
0,2026-03-19T07:56:59.776988+00:00,40,42
0,2026-03-19T07:56:59.776988+00:00,40,43
0,2026-03-19T07:56:59.776988+00:00,40,44
0,2026-03-19T07:56:59.776988+00:00,40,45
0,2026-03-19T07:56:59.776988+00:00,40,73
0,2026-03-19T07:56:59.776988+00:00,40,74
0,2026-03-19T07:56:59.776988+00:00,40,75
0,2026-03-19T07:56:59.776988+00:00,40,76
0,2026-03-19T07:56:59.776988+00:00,40,77
0,2026-03-19T07:56:59.776988+00:00,40,78
0,2026-03-19T07:56:59.776988+00:00,40,79
0,2026-03-19T07:56:59.776988+00:00,40,80
0,2026-03-19T07:56:59.776988+00:00,40,81
0,2026-03-19T07:56:59.776988+00:00,41,42
0,2026-03-19T07:56:59.776988+00:00,41,43
0,2026-03-19T07:56:59.776988+00:00,41,44
0,2026-03-19T07:56:59.776988+00:00,41,45
0,2026-03-19T07:56:59.776988+00:00,41,73
0,2026-03-19T07:56:59.776988+00:00,41,74
0,2026-03-19T07:56:59.776988+00:00,41,75
0,2026-03-19T07:56:59.776988+00:00,41,76
0,2026-03-19T07:56:59.776988+00:00,41,77
0,2026-03-19T07:56:59.776988+00:00,41,78
0,2026-03-19T07:56:59.776988+00:00,41,79
0,2026-03-19T07:56:59.776988+00:00,41,80
0,2026-03-19T07:56:59.776988+00:00,41,81
0,2026-03-19T07:56:59.776988+00:00,42,43
0,2026-03-19T07:56:59.776988+00:00,42,44
0,2026-03-19T07:56:59.776988+00:00,42,45
0,2026-03-19T07:56:59.776988+00:00,42,73
0,2026-03-19T07:56:59.776988+00:00,42,74
0,2026-03-19T07:56:59.776988+00:00,42,75
0,2026-03-19T07:56:59.776988+00:00,42,76
0,2026-03-19T07:56:59.776988+00:00,42,77
0,2026-03-19T07:56:59.776988+00:00,42,78
0,2026-03-19T07:56:59.776988+00:00,42,79
0,2026-03-19T07:56:59.776988+00:00,42,80
0,2026-03-19T07:56:59.776988+00:00,42,81
0,2026-03-19T07:56:59.776988+00:00,43,44
0,2026-03-19T07:56:59.776988+00:00,43,45
0,2026-03-19T07:56:59.776988+00:00,43,73
0,2026-03-19T07:56:59.776988+00:00,43,74
0,2026-03-19T07:56:59.776988+00:00,43,75
0,2026-03-19T07:56:59.776988+00:00,43,76
0,2026-03-19T07:56:59.776988+00:00,43,77
0,2026-03-19T07:56:59.776988+00:00,43,78
0,2026-03-19T07:56:59.776988+00:00,43,79
0,2026-03-19T07:56:59.776988+00:00,43,80
0,2026-03-19T07:56:59.776988+00:00,43,81
0,2026-03-19T07:56:59.776988+00:00,44,45
0,2026-03-19T07:56:59.776988+00:00,44,73
0,2026-03-19T07:56:59.776988+00:00,44,74
0,2026-03-19T07:56:59.776988+00:00,44,75
0,2026-03-19T07:56:59.776988+00:00,44,76
0,2026-03-19T07:56:59.776988+00:00,44,77
0,2026-03-19T07:56:59.776988+00:00,44,78
0,2026-03-19T07:56:59.776988+00:00,44,79
0,2026-03-19T07:56:59.776988+00:00,44,80
0,2026-03-19T07:56:59.776988+00:00,44,81
0,2026-03-19T07:56:59.776988+00:00,45,73
0,2026-03-19T07:56:59.776988+00:00,45,74
0,2026-03-19T07:56:59.776988+00:00,45,75
0,2026-03-19T07:56:59.776988+00:00,45,76
0,2026-03-19T07:56:59.776988+00:00,45,77
0,2026-03-19T07:56:59.776988+00:00,45,78
0,2026-03-19T07:56:59.776988+00:00,45,79
0,2026-03-19T07:56:59.776988+00:00,45,80
0,2026-03-19T07:56:59.776988+00:00,45,81
0,2026-03-19T07:56:59.776988+00:00,46,47
0,2026-03-19T07:56:59.776988+00:00,46,48
0,2026-03-19T07:56:59.776988+00:00,46,49
0,2026-03-19T07:56:59.776988+00:00,46,50
0,2026-03-19T07:56:59.776988+00:00,46,51
0,2026-03-19T07:56:59.776988+00:00,46,52
0,2026-03-19T07:56:59.776988+00:00,46,53
0,2026-03-19T07:56:59.776988+00:00,46,54
0,2026-03-19T07:56:59.776988+00:00,46,82
0,2026-03-19T07:56:59.776988+00:00,46,83
0,2026-03-19T07:56:59.776988+00:00,46,84
0,2026-03-19T07:56:59.776988+00:00,46,85
0,2026-03-19T07:56:59.776988+00:00,46,86
0,2026-03-19T07:56:59.776988+00:00,46,87
0,2026-03-19T07:56:59.776988+00:00,46,88
0,2026-03-19T07:56:59.776988+00:00,46,89
0,2026-03-19T07:56:59.776988+00:00,46,90
0,2026-03-19T07:56:59.776988+00:00,47,48
0,2026-03-19T07:56:59.776988+00:00,47,49
0,2026-03-19T07:56:59.776988+00:00,47,50
0,2026-03-19T07:56:59.776988+00:00,47,51
0,2026-03-19T07:56:59.776988+00:00,47,52
0,2026-03-19T07:56:59.776988+00:00,47,53
0,2026-03-19T07:56:59.776988+00:00,47,54
0,2026-03-19T07:56:59.776988+00:00,47,82
0,2026-03-19T07:56:59.776988+00:00,47,83
0,2026-03-19T07:56:59.776988+00:00,47,84
0,2026-03-19T07:56:59.776988+00:00,47,85
0,2026-03-19T07:56:59.776988+00:00,47,86
0,2026-03-19T07:56:59.776988+00:00,47,87
0,2026-03-19T07:56:59.776988+00:00,47,88
0,2026-03-19T07:56:59.776988+00:00,47,89
0,2026-03-19T07:56:59.776988+00:00,47,90
0,2026-03-19T07:56:59.776988+00:00,48,49
0,2026-03-19T07:56:59.776988+00:00,48,50
0,2026-03-19T07:56:59.776988+00:00,48,51
0,2026-03-19T07:56:59.776988+00:00,48,52
0,2026-03-19T07:56:59.776988+00:00,48,53
0,2026-03-19T07:56:59.776988+00:00,48,54
0,2026-03-19T07:56:59.776988+00:00,48,82
0,2026-03-19T07:56:59.776988+00:00,48,83
0,2026-03-19T07:56:59.776988+00:00,48,84
0,2026-03-19T07:56:59.776988+00:00,48,85
0,2026-03-19T07:56:59.776988+00:00,48,86
0,2026-03-19T07:56:59.776988+00:00,48,87
0,2026-03-19T07:56:59.776988+00:00,48,88
0,2026-03-19T07:56:59.776988+00:00,48,89
0,2026-03-19T07:56:59.776988+00:00,48,90
0,2026-03-19T07:56:59.776988+00:00,49,50
0,2026-03-19T07:56:59.776988+00:00,49,51
0,2026-03-19T07:56:59.776988+00:00,49,52
0,2026-03-19T07:56:59.776988+00:00,49,53
0,2026-03-19T07:56:59.776988+00:00,49,54
0,2026-03-19T07:56:59.776988+00:00,49,82
0,2026-03-19T07:56:59.776988+00:00,49,83
0,2026-03-19T07:56:59.776988+00:00,49,84
0,2026-03-19T07:56:59.776988+00:00,49,85
0,2026-03-19T07:56:59.776988+00:00,49,86
0,2026-03-19T07:56:59.776988+00:00,49,87
0,2026-03-19T07:56:59.776988+00:00,49,88
0,2026-03-19T07:56:59.776988+00:00,49,89
0,2026-03-19T07:56:59.776988+00:00,49,90
0,2026-03-19T07:56:59.776988+00:00,50,51
0,2026-03-19T07:56:59.776988+00:00,50,52
0,2026-03-19T07:56:59.776988+00:00,50,53
0,2026-03-19T07:56:59.776988+00:00,50,54
0,2026-03-19T07:56:59.776988+00:00,50,82
0,2026-03-19T07:56:59.776988+00:00,50,83
0,2026-03-19T07:56:59.776988+00:00,50,84
0,2026-03-19T07:56:59.776988+00:00,50,85
0,2026-03-19T07:56:59.776988+00:00,50,86
0,2026-03-19T07:56:59.776988+00:00,50,87
0,2026-03-19T07:56:59.776988+00:00,50,88
0,2026-03-19T07:56:59.776988+00:00,50,89
0,2026-03-19T07:56:59.776988+00:00,50,90
0,2026-03-19T07:56:59.776988+00:00,51,52
0,2026-03-19T07:56:59.776988+00:00,51,53
0,2026-03-19T07:56:59.776988+00:00,51,54
0,2026-03-19T07:56:59.776988+00:00,51,82
0,2026-03-19T07:56:59.776988+00:00,51,83
0,2026-03-19T07:56:59.776988+00:00,51,84
0,2026-03-19T07:56:59.776988+00:00,51,85
0,2026-03-19T07:56:59.776988+00:00,51,86
0,2026-03-19T07:56:59.776988+00:00,51,87
0,2026-03-19T07:56:59.776988+00:00,51,88
0,2026-03-19T07:56:59.776988+00:00,51,89
0,2026-03-19T07:56:59.776988+00:00,51,90
0,2026-03-19T07:56:59.776988+00:00,52,53
0,2026-03-19T07:56:59.776988+00:00,52,54
0,2026-03-19T07:56:59.776988+00:00,52,82
0,2026-03-19T07:56:59.776988+00:00,52,83
0,2026-03-19T07:56:59.776988+00:00,52,84
0,2026-03-19T07:56:59.776988+00:00,52,85
0,2026-03-19T07:56:59.776988+00:00,52,86
0,2026-03-19T07:56:59.776988+00:00,52,87
0,2026-03-19T07:56:59.776988+00:00,52,88
0,2026-03-19T07:56:59.776988+00:00,52,89
0,2026-03-19T07:56:59.776988+00:00,52,90
0,2026-03-19T07:56:59.776988+00:00,53,54
0,2026-03-19T07:56:59.776988+00:00,53,82
0,2026-03-19T07:56:59.776988+00:00,53,83
0,2026-03-19T07:56:59.776988+00:00,53,84
0,2026-03-19T07:56:59.776988+00:00,53,85
0,2026-03-19T07:56:59.776988+00:00,53,86
0,2026-03-19T07:56:59.776988+00:00,53,87
0,2026-03-19T07:56:59.776988+00:00,53,88
0,2026-03-19T07:56:59.776988+00:00,53,89
0,2026-03-19T07:56:59.776988+00:00,53,90
0,2026-03-19T07:56:59.776988+00:00,54,82
0,2026-03-19T07:56:59.776988+00:00,54,83
0,2026-03-19T07:56:59.776988+00:00,54,84
0,2026-03-19T07:56:59.776988+00:00,54,85
0,2026-03-19T07:56:59.776988+00:00,54,86
0,2026-03-19T07:56:59.776988+00:00,54,87
0,2026-03-19T07:56:59.776988+00:00,54,88
0,2026-03-19T07:56:59.776988+00:00,54,89
0,2026-03-19T07:56:59.776988+00:00,54,90
0,2026-03-19T07:56:59.776988+00:00,55,56
0,2026-03-19T07:56:59.776988+00:00,55,57
0,2026-03-19T07:56:59.776988+00:00,55,58
0,2026-03-19T07:56:59.776988+00:00,55,59
0,2026-03-19T07:56:59.776988+00:00,55,60
0,2026-03-19T07:56:59.776988+00:00,55,61
0,2026-03-19T07:56:59.776988+00:00,55,62
0,2026-03-19T07:56:59.776988+00:00,55,63
0,2026-03-19T07:56:59.776988+00:00,55,91
0,2026-03-19T07:56:59.776988+00:00,55,92
0,2026-03-19T07:56:59.776988+00:00,55,93
0,2026-03-19T07:56:59.776988+00:00,55,94
0,2026-03-19T07:56:59.776988+00:00,55,95
0,2026-03-19T07:56:59.776988+00:00,55,96
0,2026-03-19T07:56:59.776988+00:00,55,97
0,2026-03-19T07:56:59.776988+00:00,55,98
0,2026-03-19T07:56:59.776988+00:00,55,99
0,2026-03-19T07:56:59.776988+00:00,56,57
0,2026-03-19T07:56:59.776988+00:00,56,58
0,2026-03-19T07:56:59.776988+00:00,56,59
0,2026-03-19T07:56:59.776988+00:00,56,60
0,2026-03-19T07:56:59.776988+00:00,56,61
0,2026-03-19T07:56:59.776988+00:00,56,62
0,2026-03-19T07:56:59.776988+00:00,56,63
0,2026-03-19T07:56:59.776988+00:00,56,91
0,2026-03-19T07:56:59.776988+00:00,56,92
0,2026-03-19T07:56:59.776988+00:00,56,93
0,2026-03-19T07:56:59.776988+00:00,56,94
0,2026-03-19T07:56:59.776988+00:00,56,95
0,2026-03-19T07:56:59.776988+00:00,56,96
0,2026-03-19T07:56:59.776988+00:00,56,97
0,2026-03-19T07:56:59.776988+00:00,56,98
0,2026-03-19T07:56:59.776988+00:00,56,99
0,2026-03-19T07:56:59.776988+00:00,57,58
0,2026-03-19T07:56:59.776988+00:00,57,59
0,2026-03-19T07:56:59.776988+00:00,57,60
0,2026-03-19T07:56:59.776988+00:00,57,61
0,2026-03-19T07:56:59.776988+00:00,57,62
0,2026-03-19T07:56:59.776988+00:00,57,63
0,2026-03-19T07:56:59.776988+00:00,57,91
0,2026-03-19T07:56:59.776988+00:00,57,92
0,2026-03-19T07:56:59.776988+00:00,57,93
0,2026-03-19T07:56:59.776988+00:00,57,94
0,2026-03-19T07:56:59.776988+00:00,57,95
0,2026-03-19T07:56:59.776988+00:00,57,96
0,2026-03-19T07:56:59.776988+00:00,57,97
0,2026-03-19T07:56:59.776988+00:00,57,98
0,2026-03-19T07:56:59.776988+00:00,57,99
0,2026-03-19T07:56:59.776988+00:00,58,59
0,2026-03-19T07:56:59.776988+00:00,58,60
0,2026-03-19T07:56:59.776988+00:00,58,61
0,2026-03-19T07:56:59.776988+00:00,58,62
0,2026-03-19T07:56:59.776988+00:00,58,63
0,2026-03-19T07:56:59.776988+00:00,58,91
0,2026-03-19T07:56:59.776988+00:00,58,92
0,2026-03-19T07:56:59.776988+00:00,58,93
0,2026-03-19T07:56:59.776988+00:00,58,94
0,2026-03-19T07:56:59.776988+00:00,58,95
0,2026-03-19T07:56:59.776988+00:00,58,96
0,2026-03-19T07:56:59.776988+00:00,58,97
0,2026-03-19T07:56:59.776988+00:00,58,98
0,2026-03-19T07:56:59.776988+00:00,58,99
0,2026-03-19T07:56:59.776988+00:00,59,60
0,2026-03-19T07:56:59.776988+00:00,59,61
0,2026-03-19T07:56:59.776988+00:00,59,62
0,2026-03-19T07:56:59.776988+00:00,59,63
0,2026-03-19T07:56:59.776988+00:00,59,91
0,2026-03-19T07:56:59.776988+00:00,59,92
0,2026-03-19T07:56:59.776988+00:00,59,93
0,2026-03-19T07:56:59.776988+00:00,59,94
0,2026-03-19T07:56:59.776988+00:00,59,95
0,2026-03-19T07:56:59.776988+00:00,59,96
0,2026-03-19T07:56:59.776988+00:00,59,97
0,2026-03-19T07:56:59.776988+00:00,59,98
0,2026-03-19T07:56:59.776988+00:00,59,99
0,2026-03-19T07:56:59.776988+00:00,60,61
0,2026-03-19T07:56:59.776988+00:00,60,62
0,2026-03-19T07:56:59.776988+00:00,60,63
0,2026-03-19T07:56:59.776988+00:00,60,91
0,2026-03-19T07:56:59.776988+00:00,60,92
0,2026-03-19T07:56:59.776988+00:00,60,93
0,2026-03-19T07:56:59.776988+00:00,60,94
0,2026-03-19T07:56:59.776988+00:00,60,95
0,2026-03-19T07:56:59.776988+00:00,60,96
0,2026-03-19T07:56:59.776988+00:00,60,97
0,2026-03-19T07:56:59.776988+00:00,60,98
0,2026-03-19T07:56:59.776988+00:00,60,99
0,2026-03-19T07:56:59.776988+00:00,61,62
0,2026-03-19T07:56:59.776988+00:00,61,63
0,2026-03-19T07:56:59.776988+00:00,61,91
0,2026-03-19T07:56:59.776988+00:00,61,92
0,2026-03-19T07:56:59.776988+00:00,61,93
0,2026-03-19T07:56:59.776988+00:00,61,94
0,2026-03-19T07:56:59.776988+00:00,61,95
0,2026-03-19T07:56:59.776988+00:00,61,96
0,2026-03-19T07:56:59.776988+00:00,61,97
0,2026-03-19T07:56:59.776988+00:00,61,98
0,2026-03-19T07:56:59.776988+00:00,61,99
0,2026-03-19T07:56:59.776988+00:00,62,63
0,2026-03-19T07:56:59.776988+00:00,62,91
0,2026-03-19T07:56:59.776988+00:00,62,92
0,2026-03-19T07:56:59.776988+00:00,62,93
0,2026-03-19T07:56:59.776988+00:00,62,94
0,2026-03-19T07:56:59.776988+00:00,62,95
0,2026-03-19T07:56:59.776988+00:00,62,96
0,2026-03-19T07:56:59.776988+00:00,62,97
0,2026-03-19T07:56:59.776988+00:00,62,98
0,2026-03-19T07:56:59.776988+00:00,62,99
0,2026-03-19T07:56:59.776988+00:00,63,91
0,2026-03-19T07:56:59.776988+00:00,63,92
0,2026-03-19T07:56:59.776988+00:00,63,93
0,2026-03-19T07:56:59.776988+00:00,63,94
0,2026-03-19T07:56:59.776988+00:00,63,95
0,2026-03-19T07:56:59.776988+00:00,63,96
0,2026-03-19T07:56:59.776988+00:00,63,97
0,2026-03-19T07:56:59.776988+00:00,63,98
0,2026-03-19T07:56:59.776988+00:00,63,99
0,2026-03-19T07:56:59.776988+00:00,64,65
0,2026-03-19T07:56:59.776988+00:00,64,66
0,2026-03-19T07:56:59.776988+00:00,64,67
0,2026-03-19T07:56:59.776988+00:00,64,68
0,2026-03-19T07:56:59.776988+00:00,64,69
0,2026-03-19T07:56:59.776988+00:00,64,70
0,2026-03-19T07:56:59.776988+00:00,64,71
0,2026-03-19T07:56:59.776988+00:00,64,72
0,2026-03-19T07:56:59.776988+00:00,64,100
0,2026-03-19T07:56:59.776988+00:00,64,101
0,2026-03-19T07:56:59.776988+00:00,64,102
0,2026-03-19T07:56:59.776988+00:00,64,103
0,2026-03-19T07:56:59.776988+00:00,64,104
0,2026-03-19T07:56:59.776988+00:00,64,105
0,2026-03-19T07:56:59.776988+00:00,64,106
0,2026-03-19T07:56:59.776988+00:00,64,107
0,2026-03-19T07:56:59.776988+00:00,64,108
0,2026-03-19T07:56:59.776988+00:00,65,66
0,2026-03-19T07:56:59.776988+00:00,65,67
0,2026-03-19T07:56:59.776988+00:00,65,68
0,2026-03-19T07:56:59.776988+00:00,65,69
0,2026-03-19T07:56:59.776988+00:00,65,70
0,2026-03-19T07:56:59.776988+00:00,65,71
0,2026-03-19T07:56:59.776988+00:00,65,72
0,2026-03-19T07:56:59.776988+00:00,65,100
0,2026-03-19T07:56:59.776988+00:00,65,101
0,2026-03-19T07:56:59.776988+00:00,65,102
0,2026-03-19T07:56:59.776988+00:00,65,103
0,2026-03-19T07:56:59.776988+00:00,65,104
0,2026-03-19T07:56:59.776988+00:00,65,105
0,2026-03-19T07:56:59.776988+00:00,65,106
0,2026-03-19T07:56:59.776988+00:00,65,107
0,2026-03-19T07:56:59.776988+00:00,65,108
0,2026-03-19T07:56:59.776988+00:00,66,67
0,2026-03-19T07:56:59.776988+00:00,66,68
0,2026-03-19T07:56:59.776988+00:00,66,69
0,2026-03-19T07:56:59.776988+00:00,66,70
0,2026-03-19T07:56:59.776988+00:00,66,71
0,2026-03-19T07:56:59.776988+00:00,66,72
0,2026-03-19T07:56:59.776988+00:00,66,100
0,2026-03-19T07:56:59.776988+00:00,66,101
0,2026-03-19T07:56:59.776988+00:00,66,102
0,2026-03-19T07:56:59.776988+00:00,66,103
0,2026-03-19T07:56:59.776988+00:00,66,104
0,2026-03-19T07:56:59.776988+00:00,66,105
0,2026-03-19T07:56:59.776988+00:00,66,106
0,2026-03-19T07:56:59.776988+00:00,66,107
0,2026-03-19T07:56:59.776988+00:00,66,108
0,2026-03-19T07:56:59.776988+00:00,67,68
0,2026-03-19T07:56:59.776988+00:00,67,69
0,2026-03-19T07:56:59.776988+00:00,67,70
0,2026-03-19T07:56:59.776988+00:00,67,71
0,2026-03-19T07:56:59.776988+00:00,67,72
0,2026-03-19T07:56:59.776988+00:00,67,100
0,2026-03-19T07:56:59.776988+00:00,67,101
0,2026-03-19T07:56:59.776988+00:00,67,102
0,2026-03-19T07:56:59.776988+00:00,67,103
0,2026-03-19T07:56:59.776988+00:00,67,104
0,2026-03-19T07:56:59.776988+00:00,67,105
0,2026-03-19T07:56:59.776988+00:00,67,106
0,2026-03-19T07:56:59.776988+00:00,67,107
0,2026-03-19T07:56:59.776988+00:00,67,108
0,2026-03-19T07:56:59.776988+00:00,68,69
0,2026-03-19T07:56:59.776988+00:00,68,70
0,2026-03-19T07:56:59.776988+00:00,68,71
0,2026-03-19T07:56:59.776988+00:00,68,72
0,2026-03-19T07:56:59.776988+00:00,68,100
0,2026-03-19T07:56:59.776988+00:00,68,101
0,2026-03-19T07:56:59.776988+00:00,68,102
0,2026-03-19T07:56:59.776988+00:00,68,103
0,2026-03-19T07:56:59.776988+00:00,68,104
0,2026-03-19T07:56:59.776988+00:00,68,105
0,2026-03-19T07:56:59.776988+00:00,68,106
0,2026-03-19T07:56:59.776988+00:00,68,107
0,2026-03-19T07:56:59.776988+00:00,68,108
0,2026-03-19T07:56:59.776988+00:00,69,70
0,2026-03-19T07:56:59.776988+00:00,69,71
0,2026-03-19T07:56:59.776988+00:00,69,72
0,2026-03-19T07:56:59.776988+00:00,69,100
0,2026-03-19T07:56:59.776988+00:00,69,101
0,2026-03-19T07:56:59.776988+00:00,69,102
0,2026-03-19T07:56:59.776988+00:00,69,103
0,2026-03-19T07:56:59.776988+00:00,69,104
0,2026-03-19T07:56:59.776988+00:00,69,105
0,2026-03-19T07:56:59.776988+00:00,69,106
0,2026-03-19T07:56:59.776988+00:00,69,107
0,2026-03-19T07:56:59.776988+00:00,69,108
0,2026-03-19T07:56:59.776988+00:00,70,71
0,2026-03-19T07:56:59.776988+00:00,70,72
0,2026-03-19T07:56:59.776988+00:00,70,100
0,2026-03-19T07:56:59.776988+00:00,70,101
0,2026-03-19T07:56:59.776988+00:00,70,102
0,2026-03-19T07:56:59.776988+00:00,70,103
0,2026-03-19T07:56:59.776988+00:00,70,104
0,2026-03-19T07:56:59.776988+00:00,70,105
0,2026-03-19T07:56:59.776988+00:00,70,106
0,2026-03-19T07:56:59.776988+00:00,70,107
0,2026-03-19T07:56:59.776988+00:00,70,108
0,2026-03-19T07:56:59.776988+00:00,71,100
0,2026-03-19T07:56:59.776988+00:00,71,101
0,2026-03-19T07:56:59.776988+00:00,71,102
0,2026-03-19T07:56:59.776988+00:00,71,103
0,2026-03-19T07:56:59.776988+00:00,71,104
0,2026-03-19T07:56:59.776988+00:00,71,106
0,2026-03-19T07:56:59.776988+00:00,71,107
0,2026-03-19T07:56:59.776988+00:00,71,108
0,2026-03-19T07:56:59.776988+00:00,72,100
0,2026-03-19T07:56:59.776988+00:00,72,101
0,2026-03-19T07:56:59.776988+00:00,72,102
0,2026-03-19T07:56:59.776988+00:00,72,103
0,2026-03-19T07:56:59.776988+00:00,72,104
0,2026-03-19T07:56:59.776988+00:00,72,105
0,2026-03-19T07:56:59.776988+00:00,72,106
0,2026-03-19T07:56:59.776988+00:00,72,107
0,2026-03-19T07:56:59.776988+00:00,72,108
0,2026-03-19T07:56:59.776988+00:00,73,74
0,2026-03-19T07:56:59.776988+00:00,73,75
0,2026-03-19T07:56:59.776988+00:00,73,76
0,2026-03-19T07:56:59.776988+00:00,73,77
0,2026-03-19T07:56:59.776988+00:00,73,78
0,2026-03-19T07:56:59.776988+00:00,73,79
0,2026-03-19T07:56:59.776988+00:00,73,80
0,2026-03-19T07:56:59.776988+00:00,73,81
0,2026-03-19T07:56:59.776988+00:00,74,75
0,2026-03-19T07:56:59.776988+00:00,74,76
0,2026-03-19T07:56:59.776988+00:00,74,77
0,2026-03-19T07:56:59.776988+00:00,74,78
0,2026-03-19T07:56:59.776988+00:00,74,79
0,2026-03-19T07:56:59.776988+00:00,74,80
0,2026-03-19T07:56:59.776988+00:00,74,81
0,2026-03-19T07:56:59.776988+00:00,75,76
0,2026-03-19T07:56:59.776988+00:00,75,77
0,2026-03-19T07:56:59.776988+00:00,75,78
0,2026-03-19T07:56:59.776988+00:00,75,79
0,2026-03-19T07:56:59.776988+00:00,75,80
0,2026-03-19T07:56:59.776988+00:00,75,81
0,2026-03-19T07:56:59.776988+00:00,76,77
0,2026-03-19T07:56:59.776988+00:00,76,78
0,2026-03-19T07:56:59.776988+00:00,76,79
0,2026-03-19T07:56:59.776988+00:00,76,80
0,2026-03-19T07:56:59.776988+00:00,76,81
0,2026-03-19T07:56:59.776988+00:00,77,78
0,2026-03-19T07:56:59.776988+00:00,77,79
0,2026-03-19T07:56:59.776988+00:00,77,80
0,2026-03-19T07:56:59.776988+00:00,77,81
0,2026-03-19T07:56:59.776988+00:00,78,79
0,2026-03-19T07:56:59.776988+00:00,78,80
0,2026-03-19T07:56:59.776988+00:00,78,81
0,2026-03-19T07:56:59.776988+00:00,79,80
0,2026-03-19T07:56:59.776988+00:00,79,81
0,2026-03-19T07:56:59.776988+00:00,80,81
0,2026-03-19T07:56:59.776988+00:00,82,84
0,2026-03-19T07:56:59.776988+00:00,82,85
0,2026-03-19T07:56:59.776988+00:00,82,86
0,2026-03-19T07:56:59.776988+00:00,82,87
0,2026-03-19T07:56:59.776988+00:00,82,88
0,2026-03-19T07:56:59.776988+00:00,82,89
0,2026-03-19T07:56:59.776988+00:00,82,90
0,2026-03-19T07:56:59.776988+00:00,83,85
0,2026-03-19T07:56:59.776988+00:00,83,86
0,2026-03-19T07:56:59.776988+00:00,83,87
0,2026-03-19T07:56:59.776988+00:00,83,88
0,2026-03-19T07:56:59.776988+00:00,83,89
0,2026-03-19T07:56:59.776988+00:00,83,90
0,2026-03-19T07:56:59.776988+00:00,84,85
0,2026-03-19T07:56:59.776988+00:00,84,86
0,2026-03-19T07:56:59.776988+00:00,84,87
0,2026-03-19T07:56:59.776988+00:00,84,88
0,2026-03-19T07:56:59.776988+00:00,84,89
0,2026-03-19T07:56:59.776988+00:00,84,90
0,2026-03-19T07:56:59.776988+00:00,85,86
0,2026-03-19T07:56:59.776988+00:00,85,87
0,2026-03-19T07:56:59.776988+00:00,85,88
0,2026-03-19T07:56:59.776988+00:00,85,89
0,2026-03-19T07:56:59.776988+00:00,85,90
0,2026-03-19T07:56:59.776988+00:00,86,87
0,2026-03-19T07:56:59.776988+00:00,86,88
0,2026-03-19T07:56:59.776988+00:00,86,89
0,2026-03-19T07:56:59.776988+00:00,86,90
0,2026-03-19T07:56:59.776988+00:00,87,88
0,2026-03-19T07:56:59.776988+00:00,87,89
0,2026-03-19T07:56:59.776988+00:00,87,90
0,2026-03-19T07:56:59.776988+00:00,88,89
0,2026-03-19T07:56:59.776988+00:00,88,90
0,2026-03-19T07:56:59.776988+00:00,89,90
0,2026-03-19T07:56:59.776988+00:00,91,94
0,2026-03-19T07:56:59.776988+00:00,91,95
0,2026-03-19T07:56:59.776988+00:00,91,96
0,2026-03-19T07:56:59.776988+00:00,91,97
0,2026-03-19T07:56:59.776988+00:00,91,98
0,2026-03-19T07:56:59.776988+00:00,91,99
0,2026-03-19T07:56:59.776988+00:00,92,93
0,2026-03-19T07:56:59.776988+00:00,92,94
0,2026-03-19T07:56:59.776988+00:00,92,95
0,2026-03-19T07:56:59.776988+00:00,92,96
0,2026-03-19T07:56:59.776988+00:00,92,97
0,2026-03-19T07:56:59.776988+00:00,92,98
0,2026-03-19T07:56:59.776988+00:00,92,99
0,2026-03-19T07:56:59.776988+00:00,93,94
0,2026-03-19T07:56:59.776988+00:00,93,95
0,2026-03-19T07:56:59.776988+00:00,93,96
0,2026-03-19T07:56:59.776988+00:00,93,97
0,2026-03-19T07:56:59.776988+00:00,93,98
0,2026-03-19T07:56:59.776988+00:00,93,99
0,2026-03-19T07:56:59.776988+00:00,94,95
0,2026-03-19T07:56:59.776988+00:00,94,96
0,2026-03-19T07:56:59.776988+00:00,94,97
0,2026-03-19T07:56:59.776988+00:00,94,98
0,2026-03-19T07:56:59.776988+00:00,94,99
0,2026-03-19T07:56:59.776988+00:00,95,96
0,2026-03-19T07:56:59.776988+00:00,95,97
0,2026-03-19T07:56:59.776988+00:00,95,98
0,2026-03-19T07:56:59.776988+00:00,95,99
0,2026-03-19T07:56:59.776988+00:00,96,97
0,2026-03-19T07:56:59.776988+00:00,96,98
0,2026-03-19T07:56:59.776988+00:00,96,99
0,2026-03-19T07:56:59.776988+00:00,97,98
0,2026-03-19T07:56:59.776988+00:00,97,99
0,2026-03-19T07:56:59.776988+00:00,98,99
0,2026-03-19T07:56:59.776988+00:00,100,102
0,2026-03-19T07:56:59.776988+00:00,100,103
0,2026-03-19T07:56:59.776988+00:00,100,104
0,2026-03-19T07:56:59.776988+00:00,100,105
0,2026-03-19T07:56:59.776988+00:00,100,106
0,2026-03-19T07:56:59.776988+00:00,100,107
0,2026-03-19T07:56:59.776988+00:00,100,108
0,2026-03-19T07:56:59.776988+00:00,101,102
0,2026-03-19T07:56:59.776988+00:00,101,103
0,2026-03-19T07:56:59.776988+00:00,101,104
0,2026-03-19T07:56:59.776988+00:00,101,105
0,2026-03-19T07:56:59.776988+00:00,101,106
0,2026-03-19T07:56:59.776988+00:00,101,107
0,2026-03-19T07:56:59.776988+00:00,101,108
0,2026-03-19T07:56:59.776988+00:00,102,103
0,2026-03-19T07:56:59.776988+00:00,102,104
0,2026-03-19T07:56:59.776988+00:00,102,105
0,2026-03-19T07:56:59.776988+00:00,102,106
0,2026-03-19T07:56:59.776988+00:00,102,107
0,2026-03-19T07:56:59.776988+00:00,102,108
0,2026-03-19T07:56:59.776988+00:00,103,104
0,2026-03-19T07:56:59.776988+00:00,103,106
0,2026-03-19T07:56:59.776988+00:00,103,107
0,2026-03-19T07:56:59.776988+00:00,103,108
0,2026-03-19T07:56:59.776988+00:00,104,106
0,2026-03-19T07:56:59.776988+00:00,104,107
0,2026-03-19T07:56:59.776988+00:00,104,108
0,2026-03-19T07:56:59.776988+00:00,105,106
0,2026-03-19T07:56:59.776988+00:00,105,107
0,2026-03-19T07:56:59.776988+00:00,105,108
0,2026-03-19T07:56:59.776988+00:00,106,107
0,2026-03-19T07:56:59.776988+00:00,106,108
0,2026-03-19T07:56:59.776988+00:00,107,108
